Generation,PopBest,PopAvg,BestOverall
49,0.008713671,0.008713585,0.008713671

